Workbook

Sheet راهنما
A1: فایل داده — مقالهٔ 2
A2: ⚠ این داده‌ها با شبیه‌سازی واقع‌نما تولید شده‌اند و هیچ پاسخ‌دهندهٔ واقعی ندارند.
A3: تعداد مشاهدات: 442
A4: برگه‌ها: Data (دادهٔ خام) | Codebook (کدنامه) | Scoring (راهنمای نمره‌دهی) | Scores_formula (نمره‌ها با فرمول Excel) | Scores_values (نمره‌ها به‌صورت عدد) | Descriptives | Reliability | Paths (ضرایب مسیر)
A5: برای جایگزینی دادهٔ واقعی: همین ساختار ستونی را حفظ کنید و فایل را به‌صورت CSV در کد (DATA_PATH) بدهید.

Sheet Data
A1: ID | B1: gender | C1: age | D1: edu | E1: exp | F1: portfolio | G1: LE | H1: SC1 | I1: SC2 | J1: SC3 | K1: SC4 | L1: AR1 | M1: AR2 | N1: AR3 | O1: AR4 | P1: SME1 | Q1: SME2 | R1: SME3 | S1: SME4 | T1: SME5 | U1: FOMO1 | V1: FOMO2 | W1: FOMO3 | X1: FOMO4 | Y1: FOMO5 | Z1: FOMO6 | AA1: AL1 | AB1: AL2 | AC1: AL3 | AD1: AL4 | AE1: AIU1 | AF1: AIU2 | AG1: AIU3 | AH1: AIU4 | AI1: AIU5 | AJ1: IDQ1 | AK1: IDQ2 | AL1: IDQ3 | AM1: IDQ4 | AN1: IDQ5
A2: 1 | B2: 1 | C2: 51 | D2: 3 | E2: 6 | F2: 429 | G2: 0 | H2: 2 | I2: 1 | J2: 2 | K2: 1 | L2: 1 | M2: 2 | N2: 1 | O2: 1 | P2: 2 | Q2: 4 | R2: 3 | S2: 3 | T2: 3 | U2: 1 | V2: 1 | W2: 1 | X2: 1 | Y2: 2 | Z2: 1 | AA2: 4 | AB2: 3 | AC2: 4 | AD2: 4 | AE2: 4 | AF2: 4 | AG2: 3 | AH2: 4 | AI2: 3 | AJ2: 5 | AK2: 4 | AL2: 3 | AM2: 3 | AN2: 4
A3: 2 | B3: 1 | C3: 27 | D3: 2 | E3: 4 | F3: 78 | G3: 1 | H3: 4 | I3: 3 | J3: 5 | K3: 3 | L3: 2 | M3: 3 | N3: 4 | O3: 3 | P3: 4 | Q3: 4 | R3: 4 | S3: 4 | T3: 4 | U3: 4 | V3: 3 | W3: 4 | X3: 5 | Y3: 5 | Z3: 4 | AA3: 3 | AB3: 3 | AC3: 2 | AD3: 2 | AE3: 1 | AF3: 1 | AG3: 4 | AH3: 3 | AI3: 2 | AJ3: 1 | AK3: 2 | AL3: 1 | AM3: 2 | AN3: 1
A4: 3 | B4: 1 | C4: 49 | D4: 2 | E4: 23 | F4: 76 | G4: 1 | H4: 2 | I4: 3 | J4: 1 | K4: 3 | L4: 3 | M4: 4 | N4: 5 | O4: 4 | P4: 4 | Q4: 2 | R4: 4 | S4: 3 | T4: 3 | U4: 3 | V4: 3 | W4: 4 | X4: 4 | Y4: 4 | Z4: 4 | AA4: 3 | AB4: 4 | AC4: 5 | AD4: 4 | AE4: 5 | AF4: 5 | AG4: 4 | AH4: 4 | AI4: 4 | AJ4: 4 | AK4: 3 | AL4: 4 | AM4: 4 | AN4: 4
A5: 4 | B5: 0 | C5: 34 | D5: 3 | E5: 5 | F5: 187 | G5: 0 | H5: 5 | I5: 3 | J5: 5 | K5: 4 | L5: 3 | M5: 3 | N5: 4 | O5: 4 | P5: 4 | Q5: 5 | R5: 3 | S5: 4 | T5: 5 | U5: 4 | V5: 5 | W5: 3 | X5: 5 | Y5: 4 | Z5: 3 | AA5: 4 | AB5: 3 | AC5: 2 | AD5: 1 | AE5: 3 | AF5: 1 | AG5: 1 | AH5: 1 | AI5: 1 | AJ5: 1 | AK5: 2 | AL5: 2 | AM5: 2 | AN5: 3
A6: 5 | B6: 1 | C6: 45 | D6: 1 | E6: 9 | F6: 969 | G6: 0 | H6: 2 | I6: 1 | J6: 1 | K6: 2 | L6: 3 | M6: 5 | N6: 5 | O6: 3 | P6: 2 | Q6: 2 | R6: 3 | S6: 1 | T6: 5 | U6: 2 | V6: 2 | W6: 2 | X6: 1 | Y6: 3 | Z6: 2 | AA6: 3 | AB6: 3 | AC6: 3 | AD6: 3 | AE6: 3 | AF6: 3 | AG6: 4 | AH6: 3 | AI6: 2 | AJ6: 2 | AK6: 2 | AL6: 2 | AM6: 3 | AN6: 3
A7: 6 | B7: 1 | C7: 43 | D7: 3 | E7: 5 | F7: 21 | G7: 0 | H7: 3 | I7: 2 | J7: 5 | K7: 5 | L7: 3 | M7: 5 | N7: 4 | O7: 3 | P7: 5 | Q7: 3 | R7: 3 | S7: 3 | T7: 2 | U7: 2 | V7: 4 | W7: 3 | X7: 5 | Y7: 3 | Z7: 4 | AA7: 5 | AB7: 3 | AC7: 4 | AD7: 2 | AE7: 4 | AF7: 3 | AG7: 3 | AH7: 4 | AI7: 4 | AJ7: 4 | AK7: 3 | AL7: 4 | AM7: 4 | AN7: 5
A8: 7 | B8: 1 | C8: 43 | D8: 2 | E8: 2 | F8: 135 | G8: 0 | H8: 3 | I8: 1 | J8: 2 | K8: 2 | L8: 2 | M8: 3 | N8: 1 | O8: 2 | P8: 3 | Q8: 2 | R8: 3 | S8: 2 | T8: 2 | U8: 1 | V8: 1 | W8: 1 | X8: 3 | Y8: 2 | Z8: 3 | AA8: 5 | AB8: 4 | AC8: 4 | AD8: 3 | AE8: 3 | AF8: 3 | AG8: 2 | AH8: 3 | AI8: 3 | AJ8: 4 | AK8: 5 | AL8: 4 | AM8: 4 | AN8: 4
A9: 8 | B9: 1 | C9: 38 | D9: 4 | E9: 10 | F9: 200 | G9: 0 | H9: 5 | I9: 4 | J9: 5 | K9: 5 | L9: 4 | M9: 4 | N9: 5 | O9: 4 | P9: 4 | Q9: 4 | R9: 4 | S9: 3 | T9: 3 | U9: 4 | V9: 4 | W9: 4 | X9: 4 | Y9: 5 | Z9: 3 | AA9: 4 | AB9: 3 | AC9: 3 | AD9: 4 | AE9: 2 | AF9: 2 | AG9: 1 | AH9: 2 | AI9: 3 | AJ9: 2 | AK9: 1 | AL9: 1 | AM9: 1 | AN9: 1
A10: 9 | B10: 1 | C10: 32 | D10: 2 | E10: 3 | F10: 89 | G10: 0 | H10: 1 | I10: 2 | J10: 1 | K10: 2 | L10: 2 | M10: 3 | N10: 3 | O10: 3 | P10: 4 | Q10: 4 | R10: 3 | S10: 4 | T10: 3 | U10: 2 | V10: 2 | W10: 3 | X10: 1 | Y10: 2 | Z10: 3 | AA10: 4 | AB10: 3 | AC10: 5 | AD10: 4 | AE10: 3 | AF10: 3 | AG10: 2 | AH10: 5 | AI10: 4 | AJ10: 4 | AK10: 3 | AL10: 4 | AM10: 5 | AN10: 5
A11: 10 | B11: 0 | C11: 33 | D11: 2 | E11: 14 | F11: 322 | G11: 0 | H11: 3 | I11: 2 | J11: 1 | K11: 1 | L11: 3 | M11: 3 | N11: 3 | O11: 3 | P11: 4 | Q11: 3 | R11: 3 | S11: 3 | T11: 2 | U11: 1 | V11: 2 | W11: 2 | X11: 2 | Y11: 3 | Z11: 3 | AA11: 3 | AB11: 3 | AC11: 3 | AD11: 2 | AE11: 2 | AF11: 1 | AG11: 1 | AH11: 1 | AI11: 3 | AJ11: 2 | AK11: 5 | AL11: 3 | AM11: 3 | AN11: 3
A12: 11 | B12: 0 | C12: 23 | D12: 2 | E12: 6 | F12: 96 | G12: 1 | H12: 3 | I12: 1 | J12: 3 | K12: 1 | L12: 2 | M12: 3 | N12: 4 | O12: 3 | P12: 3 | Q12: 4 | R12: 4 | S12: 3 | T12: 4 | U12: 3 | V12: 3 | W12: 4 | X12: 3 | Y12: 4 | Z12: 3 | AA12: 3 | AB12: 4 | AC12: 4 | AD12: 2 | AE12: 4 | AF12: 3 | AG12: 3 | AH12: 4 | AI12: 3 | AJ12: 4 | AK12: 3 | AL12: 3 | AM12: 4 | AN12: 3
A13: 12 | B13: 1 | C13: 39 | D13: 3 | E13: 3 | F13: 407 | G13: 0 | H13: 5 | I13: 4 | J13: 4 | K13: 5 | L13: 3 | M13: 5 | N13: 4 | O13: 3 | P13: 4 | Q13: 5 | R13: 4 | S13: 4 | T13: 5 | U13: 4 | V13: 3 | W13: 5 | X13: 3 | Y13: 3 | Z13: 5 | AA13: 3 | AB13: 4 | AC13: 4 | AD13: 3 | AE13: 3 | AF13: 3 | AG13: 2 | AH13: 4 | AI13: 3 | AJ13: 3 | AK13: 3 | AL13: 2 | AM13: 3 | AN13: 3
... A443: 442 | B443: 1 | C443: 42 | D443: 2 | E443: 7 | F443: 55 | G443: 0 | H443: 3 | I443: 2 | J443: 4 | K443: 2 | L443: 3 | M443: 4 | N443: 5 | O443: 5 | P443: 5 | Q443: 5 | R443: 4 | S443: 5 | T443: 5 | U443: 3 | V443: 3 | W443: 3 | X443: 4 | Y443: 4 | Z443: 3 | AA443: 3 | AB443: 3 | AC443: 2 | AD443: 3 | AE443: 4 | AF443: 2 | AG443: 3 | AH443: 3 | AI443: 1 | AJ443: 3 | AK443: 2 | AL443: 2 | AM443: 3 | AN443: 3

Sheet Codebook
A1: کد متغیر | B1: برچسب فارسی | C1: سازه | D1: نوع | E1: کدگذاری / دامنه
A2: ID | B2: شمارهٔ پاسخ‌دهنده | C2: — | D2: شناسه | E2: ۱ تا 442
A3: gender | B3: جنسیت | C3: جمعیت‌شناختی | D3: گزینه‌ای | E3: ۱ = مرد، ۰ = زن
A4: age | B4: سن (سال) | C4: جمعیت‌شناختی | D4: عددی | E4: عدد صحیح
A5: edu | B5: تحصیلات | C5: جمعیت‌شناختی | D5: رتبه‌ای | E5: ۱ = دیپلم و کمتر، ۲ = کارشناسی، ۳ = کارشناسی ارشد، ۴ = دکتری
A6: exp | B6: سابقهٔ معامله در بازار سهام (سال) | C6: جمعیت‌شناختی | D6: عددی | E6: عدد صحیح
A7: portfolio | B7: ارزش تقریبی سبد سهام (میلیون تومان) | C7: جمعیت‌شناختی | D7: عددی | E7: عدد صحیح
A8: LE | B8: آیا در ریزش بورس از مرداد ۱۳۹۹ به بعد، زیانی بیش از ۲۰٪ سرمایهٔ خود را (روی کاغذ یا واقعی) تجربه کردید؟ | C8: جمعیت‌شناختی | D8: دوارزشی | E8: ۰ = خیر، ۱ = بله
A9: SC1 | B9: در شبکه‌های اجتماعی اغلب عملکرد سرمایه‌گذاری خود را با عملکرد دیگران مقایسه می‌کنم. | C9: مقایسهٔ اجتماعی (SC) | D9: لیکرت ۵ درجه‌ای | E9: ۱ = کاملاً مخالفم … ۵ = کاملاً موافقم
A10: SC2 | B10: دوست دارم بدانم سرمایه‌گذاران دیگر در مقایسه با من چه بازدهی داشته‌اند. | C10: مقایسهٔ اجتماعی (SC) | D10: لیکرت ۵ درجه‌ای | E10: ۱ = کاملاً مخالفم … ۵ = کاملاً موافقم
A11: SC3 | B11: وقتی می‌بینم آشنایی سود بیشتری کرده است، دربارهٔ عملکرد خودم زیاد فکر می‌کنم. | C11: مقایسهٔ اجتماعی (SC) | D11: لیکرت ۵ درجه‌ای | E11: ۱ = کاملاً مخالفم … ۵ = کاملاً موافقم
A12: SC4 | B12: معمولاً سودهایی را که دیگران اعلام می‌کنند با نتایج خودم مقایسه می‌کنم. | C12: مقایسهٔ اجتماعی (SC) | D12: لیکرت ۵ درجه‌ای | E12: ۱ = کاملاً مخالفم … ۵ = کاملاً موافقم
... A41: IDQ5 | B41: به‌ندرت از تصمیم‌های معاملاتی خود پشیمان می‌شوم. | C41: کیفیت تصمیم سرمایه‌گذاری (IDQ) | D41: لیکرت ۵ درجه‌ای | E41: ۱ = کاملاً مخالفم … ۵ = کاملاً موافقم

Sheet Scoring
A1: سازه | B1: کد | C1: گویه‌ها | D1: فرمول نمره | E1: دامنه | F1: تفسیر
A2: مقایسهٔ اجتماعی | B2: SC | C2: SC1، SC2، SC3، SC4 | D2: میانگین 4 گویه | E2: ۱ تا ۵ | F2: ۱–۲٫۳۳ پایین | ۲٫۳۴–۳٫۶۷ متوسط | ۳٫۶۸–۵ بالا
A3: پشیمانی پیش‌بینی‌شده | B3: AR | C3: AR1، AR2، AR3، AR4 | D3: میانگین 4 گویه | E3: ۱ تا ۵ | F3: ۱–۲٫۳۳ پایین | ۲٫۳۴–۳٫۶۷ متوسط | ۳٫۶۸–۵ بالا
A4: مواجهه با محتوای سرمایه‌گذاری در شبکه‌های اجتماعی | B4: SME | C4: SME1، SME2، SME3، SME4، SME5 | D4: میانگین 5 گویه | E4: ۱ تا ۵ | F4: ۱–۲٫۳۳ پایین | ۲٫۳۴–۳٫۶۷ متوسط | ۳٫۶۸–۵ بالا
A5: ترس از دست دادن فرصت سرمایه‌گذاری (فومو) | B5: FOMO | C5: FOMO1، FOMO2، FOMO3، FOMO4، FOMO5، FOMO6 | D5: میانگین 6 گویه | E5: ۱ تا ۵ | F5: ۱–۲٫۳۳ پایین | ۲٫۳۴–۳٫۶۷ متوسط | ۳٫۶۸–۵ بالا
A6: سواد حسابداری ادراک‌شده | B6: AL | C6: AL1، AL2، AL3، AL4 | D6: میانگین 4 گویه | E6: ۱ تا ۵ | F6: ۱–۲٫۳۳ پایین | ۲٫۳۴–۳٫۶۷ متوسط | ۳٫۶۸–۵ بالا
A7: استفاده از اطلاعات حسابداری | B7: AIU | C7: AIU1، AIU2، AIU3، AIU4، AIU5 | D7: میانگین 5 گویه | E7: ۱ تا ۵ | F7: ۱–۲٫۳۳ پایین | ۲٫۳۴–۳٫۶۷ متوسط | ۳٫۶۸–۵ بالا
A8: کیفیت تصمیم سرمایه‌گذاری | B8: IDQ | C8: IDQ1، IDQ2، IDQ3، IDQ4، IDQ5 | D8: میانگین 5 گویه | E8: ۱ تا ۵ | F8: ۱–۲٫۳۳ پایین | ۲٫۳۴–۳٫۶۷ متوسط | ۳٫۶۸–۵ بالا
A10: قواعد: گویهٔ معکوس ندارد. حداقل ۸۰٪ گویه‌های هر سازه باید پاسخ داده شده باشد، وگرنه نمرهٔ سازه گم‌شده است. نمرهٔ بالاتر یعنی شدت بیشتر سازه (در کیفیت تصمیم: کیفیت بهتر).

Sheet Scores_formula
A1: ID | B1: SC | C1: AR | D1: SME | E1: FOMO | F1: AL | G1: AIU | H1: IDQ
A2: 1 | B2: =IF(COUNT(Data!H2:K2)>=4,AVERAGE(Data!H2:K2),"") | C2: =IF(COUNT(Data!L2:O2)>=4,AVERAGE(Data!L2:O2),"") | D2: =IF(COUNT(Data!P2:T2)>=4,AVERAGE(Data!P2:T2),"") | E2: =IF(COUNT(Data!U2:Z2)>=5,AVERAGE(Data!U2:Z2),"") | F2: =IF(COUNT(Data!AA2:AD2)>=4,AVERAGE(Data!AA2:AD2),"") | G2: =IF(COUNT(Data!AE2:AI2)>=4,AVERAGE(Data!AE2:AI2),"") | H2: =IF(COUNT(Data!AJ2:AN2)>=4,AVERAGE(Data!AJ2:AN2),"")
A3: 2 | B3: =IF(COUNT(Data!H3:K3)>=4,AVERAGE(Data!H3:K3),"") | C3: =IF(COUNT(Data!L3:O3)>=4,AVERAGE(Data!L3:O3),"") | D3: =IF(COUNT(Data!P3:T3)>=4,AVERAGE(Data!P3:T3),"") | E3: =IF(COUNT(Data!U3:Z3)>=5,AVERAGE(Data!U3:Z3),"") | F3: =IF(COUNT(Data!AA3:AD3)>=4,AVERAGE(Data!AA3:AD3),"") | G3: =IF(COUNT(Data!AE3:AI3)>=4,AVERAGE(Data!AE3:AI3),"") | H3: =IF(COUNT(Data!AJ3:AN3)>=4,AVERAGE(Data!AJ3:AN3),"")
A4: 3 | B4: =IF(COUNT(Data!H4:K4)>=4,AVERAGE(Data!H4:K4),"") | C4: =IF(COUNT(Data!L4:O4)>=4,AVERAGE(Data!L4:O4),"") | D4: =IF(COUNT(Data!P4:T4)>=4,AVERAGE(Data!P4:T4),"") | E4: =IF(COUNT(Data!U4:Z4)>=5,AVERAGE(Data!U4:Z4),"") | F4: =IF(COUNT(Data!AA4:AD4)>=4,AVERAGE(Data!AA4:AD4),"") | G4: =IF(COUNT(Data!AE4:AI4)>=4,AVERAGE(Data!AE4:AI4),"") | H4: =IF(COUNT(Data!AJ4:AN4)>=4,AVERAGE(Data!AJ4:AN4),"")
A5: 4 | B5: =IF(COUNT(Data!H5:K5)>=4,AVERAGE(Data!H5:K5),"") | C5: =IF(COUNT(Data!L5:O5)>=4,AVERAGE(Data!L5:O5),"") | D5: =IF(COUNT(Data!P5:T5)>=4,AVERAGE(Data!P5:T5),"") | E5: =IF(COUNT(Data!U5:Z5)>=5,AVERAGE(Data!U5:Z5),"") | F5: =IF(COUNT(Data!AA5:AD5)>=4,AVERAGE(Data!AA5:AD5),"") | G5: =IF(COUNT(Data!AE5:AI5)>=4,AVERAGE(Data!AE5:AI5),"") | H5: =IF(COUNT(Data!AJ5:AN5)>=4,AVERAGE(Data!AJ5:AN5),"")
A6: 5 | B6: =IF(COUNT(Data!H6:K6)>=4,AVERAGE(Data!H6:K6),"") | C6: =IF(COUNT(Data!L6:O6)>=4,AVERAGE(Data!L6:O6),"") | D6: =IF(COUNT(Data!P6:T6)>=4,AVERAGE(Data!P6:T6),"") | E6: =IF(COUNT(Data!U6:Z6)>=5,AVERAGE(Data!U6:Z6),"") | F6: =IF(COUNT(Data!AA6:AD6)>=4,AVERAGE(Data!AA6:AD6),"") | G6: =IF(COUNT(Data!AE6:AI6)>=4,AVERAGE(Data!AE6:AI6),"") | H6: =IF(COUNT(Data!AJ6:AN6)>=4,AVERAGE(Data!AJ6:AN6),"")
A7: 6 | B7: =IF(COUNT(Data!H7:K7)>=4,AVERAGE(Data!H7:K7),"") | C7: =IF(COUNT(Data!L7:O7)>=4,AVERAGE(Data!L7:O7),"") | D7: =IF(COUNT(Data!P7:T7)>=4,AVERAGE(Data!P7:T7),"") | E7: =IF(COUNT(Data!U7:Z7)>=5,AVERAGE(Data!U7:Z7),"") | F7: =IF(COUNT(Data!AA7:AD7)>=4,AVERAGE(Data!AA7:AD7),"") | G7: =IF(COUNT(Data!AE7:AI7)>=4,AVERAGE(Data!AE7:AI7),"") | H7: =IF(COUNT(Data!AJ7:AN7)>=4,AVERAGE(Data!AJ7:AN7),"")
A8: 7 | B8: =IF(COUNT(Data!H8:K8)>=4,AVERAGE(Data!H8:K8),"") | C8: =IF(COUNT(Data!L8:O8)>=4,AVERAGE(Data!L8:O8),"") | D8: =IF(COUNT(Data!P8:T8)>=4,AVERAGE(Data!P8:T8),"") | E8: =IF(COUNT(Data!U8:Z8)>=5,AVERAGE(Data!U8:Z8),"") | F8: =IF(COUNT(Data!AA8:AD8)>=4,AVERAGE(Data!AA8:AD8),"") | G8: =IF(COUNT(Data!AE8:AI8)>=4,AVERAGE(Data!AE8:AI8),"") | H8: =IF(COUNT(Data!AJ8:AN8)>=4,AVERAGE(Data!AJ8:AN8),"")
A9: 8 | B9: =IF(COUNT(Data!H9:K9)>=4,AVERAGE(Data!H9:K9),"") | C9: =IF(COUNT(Data!L9:O9)>=4,AVERAGE(Data!L9:O9),"") | D9: =IF(COUNT(Data!P9:T9)>=4,AVERAGE(Data!P9:T9),"") | E9: =IF(COUNT(Data!U9:Z9)>=5,AVERAGE(Data!U9:Z9),"") | F9: =IF(COUNT(Data!AA9:AD9)>=4,AVERAGE(Data!AA9:AD9),"") | G9: =IF(COUNT(Data!AE9:AI9)>=4,AVERAGE(Data!AE9:AI9),"") | H9: =IF(COUNT(Data!AJ9:AN9)>=4,AVERAGE(Data!AJ9:AN9),"")
A10: 9 | B10: =IF(COUNT(Data!H10:K10)>=4,AVERAGE(Data!H10:K10),"") | C10: =IF(COUNT(Data!L10:O10)>=4,AVERAGE(Data!L10:O10),"") | D10: =IF(COUNT(Data!P10:T10)>=4,AVERAGE(Data!P10:T10),"") | E10: =IF(COUNT(Data!U10:Z10)>=5,AVERAGE(Data!U10:Z10),"") | F10: =IF(COUNT(Data!AA10:AD10)>=4,AVERAGE(Data!AA10:AD10),"") | G10: =IF(COUNT(Data!AE10:AI10)>=4,AVERAGE(Data!AE10:AI10),"") | H10: =IF(COUNT(Data!AJ10:AN10)>=4,AVERAGE(Data!AJ10:AN10),"")
A11: 10 | B11: =IF(COUNT(Data!H11:K11)>=4,AVERAGE(Data!H11:K11),"") | C11: =IF(COUNT(Data!L11:O11)>=4,AVERAGE(Data!L11:O11),"") | D11: =IF(COUNT(Data!P11:T11)>=4,AVERAGE(Data!P11:T11),"") | E11: =IF(COUNT(Data!U11:Z11)>=5,AVERAGE(Data!U11:Z11),"") | F11: =IF(COUNT(Data!AA11:AD11)>=4,AVERAGE(Data!AA11:AD11),"") | G11: =IF(COUNT(Data!AE11:AI11)>=4,AVERAGE(Data!AE11:AI11),"") | H11: =IF(COUNT(Data!AJ11:AN11)>=4,AVERAGE(Data!AJ11:AN11),"")
A12: 11 | B12: =IF(COUNT(Data!H12:K12)>=4,AVERAGE(Data!H12:K12),"") | C12: =IF(COUNT(Data!L12:O12)>=4,AVERAGE(Data!L12:O12),"") | D12: =IF(COUNT(Data!P12:T12)>=4,AVERAGE(Data!P12:T12),"") | E12: =IF(COUNT(Data!U12:Z12)>=5,AVERAGE(Data!U12:Z12),"") | F12: =IF(COUNT(Data!AA12:AD12)>=4,AVERAGE(Data!AA12:AD12),"") | G12: =IF(COUNT(Data!AE12:AI12)>=4,AVERAGE(Data!AE12:AI12),"") | H12: =IF(COUNT(Data!AJ12:AN12)>=4,AVERAGE(Data!AJ12:AN12),"")
A13: 12 | B13: =IF(COUNT(Data!H13:K13)>=4,AVERAGE(Data!H13:K13),"") | C13: =IF(COUNT(Data!L13:O13)>=4,AVERAGE(Data!L13:O13),"") | D13: =IF(COUNT(Data!P13:T13)>=4,AVERAGE(Data!P13:T13),"") | E13: =IF(COUNT(Data!U13:Z13)>=5,AVERAGE(Data!U13:Z13),"") | F13: =IF(COUNT(Data!AA13:AD13)>=4,AVERAGE(Data!AA13:AD13),"") | G13: =IF(COUNT(Data!AE13:AI13)>=4,AVERAGE(Data!AE13:AI13),"") | H13: =IF(COUNT(Data!AJ13:AN13)>=4,AVERAGE(Data!AJ13:AN13),"")
... A443: 442 | B443: =IF(COUNT(Data!H443:K443)>=4,AVERAGE(Data!H443:K443),"") | C443: =IF(COUNT(Data!L443:O443)>=4,AVERAGE(Data!L443:O443),"") | D443: =IF(COUNT(Data!P443:T443)>=4,AVERAGE(Data!P443:T443),"") | E443: =IF(COUNT(Data!U443:Z443)>=5,AVERAGE(Data!U443:Z443),"") | F443: =IF(COUNT(Data!AA443:AD443)>=4,AVERAGE(Data!AA443:AD443),"") | G443: =IF(COUNT(Data!AE443:AI443)>=4,AVERAGE(Data!AE443:AI443),"") | H443: =IF(COUNT(Data!AJ443:AN443)>=4,AVERAGE(Data!AJ443:AN443),"")

Sheet Scores_values
A1: ID | B1: SC | C1: AR | D1: SME | E1: FOMO | F1: AL | G1: AIU | H1: IDQ
A2: 1 | B2: 1.5 | C2: 1.25 | D2: 3 | E2: 1.1667 | F2: 3.75 | G2: 3.6 | H2: 3.8
A3: 2 | B3: 3.75 | C3: 3 | D3: 4 | E3: 4.1667 | F3: 2.5 | G3: 2.2 | H3: 1.4
A4: 3 | B4: 2.25 | C4: 4 | D4: 3.2 | E4: 3.6667 | F4: 4 | G4: 4.4 | H4: 3.8
A5: 4 | B5: 4.25 | C5: 3.5 | D5: 4.2 | E5: 4 | F5: 2.5 | G5: 1.4 | H5: 2
A6: 5 | B6: 1.5 | C6: 4 | D6: 2.6 | E6: 2 | F6: 3 | G6: 3 | H6: 2.4
A7: 6 | B7: 3.75 | C7: 3.75 | D7: 3.2 | E7: 3.5 | F7: 3.5 | G7: 3.6 | H7: 4
A8: 7 | B8: 2 | C8: 2 | D8: 2.4 | E8: 1.8333 | F8: 4 | G8: 2.8 | H8: 4.2
A9: 8 | B9: 4.75 | C9: 4.25 | D9: 3.6 | E9: 4 | F9: 3.5 | G9: 2 | H9: 1.2
A10: 9 | B10: 1.5 | C10: 2.75 | D10: 3.6 | E10: 2.1667 | F10: 4 | G10: 3.4 | H10: 4.2
A11: 10 | B11: 1.75 | C11: 3 | D11: 3 | E11: 2.1667 | F11: 2.75 | G11: 1.6 | H11: 3.2
A12: 11 | B12: 2 | C12: 3 | D12: 3.6 | E12: 3.3333 | F12: 3.25 | G12: 3.4 | H12: 3.4
A13: 12 | B13: 4.5 | C13: 3.75 | D13: 4.4 | E13: 3.8333 | F13: 3.5 | G13: 3 | H13: 2.8
... A443: 442 | B443: 2.75 | C443: 4.25 | D443: 4.8 | E443: 3.3333 | F443: 2.75 | G443: 2.6 | H443: 2.6

Sheet Descriptives
A1: گویه | B1: میانگین | C1: انحراف معیار | D1: حداقل | E1: حداکثر | F1: چولگی | G1: کشیدگی
A2: SC1 | B2: 2.894 | C2: 1.077 | D2: 1 | E2: 5 | F2: 0.081 | G2: -0.577
A3: SC2 | B3: 2.511 | C3: 1.074 | D3: 1 | E3: 5 | F3: 0.317 | G3: -0.568
A4: SC3 | B4: 3.084 | C4: 1.088 | D4: 1 | E4: 5 | F4: -0.145 | G4: -0.62
A5: SC4 | B5: 2.805 | C5: 1.087 | D5: 1 | E5: 5 | F5: 0.105 | G5: -0.701
A6: AR1 | B6: 2.864 | C6: 1.079 | D6: 1 | E6: 5 | F6: 0.131 | G6: -0.569
A7: AR2 | B7: 3.276 | C7: 1.086 | D7: 1 | E7: 5 | F7: -0.17 | G7: -0.65
A8: AR3 | B8: 3.498 | C8: 1.103 | D8: 1 | E8: 5 | F8: -0.213 | G8: -0.771
A9: AR4 | B9: 2.934 | C9: 1.083 | D9: 1 | E9: 5 | F9: -0.02 | G9: -0.542
A10: SME1 | B10: 3.4 | C10: 1.088 | D10: 1 | E10: 5 | F10: -0.294 | G10: -0.532
A11: SME2 | B11: 3.475 | C11: 1.059 | D11: 1 | E11: 5 | F11: -0.359 | G11: -0.468
A12: SME3 | B12: 3.127 | C12: 1.118 | D12: 1 | E12: 5 | F12: -0.085 | G12: -0.671
A13: SME4 | B13: 3.057 | C13: 1.075 | D13: 1 | E13: 5 | F13: 0.041 | G13: -0.603
... A34: IDQ5 | B34: 2.846 | C34: 1.066 | D34: 1 | E34: 5 | F34: 0.107 | G34: -0.562

Sheet Reliability
A1: سازه | B1: تعداد گویه | C1: آلفای کرونباخ | D1: پایایی ترکیبی (CR) | E1: AVE | F1: √AVE | G1: حداقل بار | H1: حداکثر بار
A2: مقایسهٔ اجتماعی | B2: 4 | C2: 0.828 | D2: 0.832 | E2: 0.556 | F2: 0.746 | G2: 0.657 | H2: 0.822
A3: پشیمانی پیش‌بینی‌شده | B3: 4 | C3: 0.826 | D3: 0.83 | E3: 0.551 | F3: 0.743 | G3: 0.637 | H3: 0.808
A4: مواجهه با محتوای سرمایه‌گذاری در شبکه‌های اجتماعی | B4: 5 | C4: 0.824 | D4: 0.825 | E4: 0.487 | F4: 0.698 | G4: 0.599 | H4: 0.763
A5: ترس از دست دادن فرصت سرمایه‌گذاری (فومو) | B5: 6 | C5: 0.856 | D5: 0.858 | E5: 0.505 | F5: 0.711 | G5: 0.633 | H5: 0.836
A6: سواد حسابداری ادراک‌شده | B6: 4 | C6: 0.838 | D6: 0.842 | E6: 0.573 | F6: 0.757 | G6: 0.651 | H6: 0.872
A7: استفاده از اطلاعات حسابداری | B7: 5 | C7: 0.845 | D7: 0.848 | E7: 0.53 | F7: 0.728 | G7: 0.596 | H7: 0.829
A8: کیفیت تصمیم سرمایه‌گذاری | B8: 5 | C8: 0.842 | D8: 0.844 | E8: 0.52 | F8: 0.721 | G8: 0.653 | H8: 0.773

Sheet Paths
A1: مسیر (وابسته ~ مستقل) | B1: b | C1: β | D1: خطای معیار | E1: z | F1: p
A2: FOMO~SC | B2: 0.2756 | C2: 0.2715 | D2: 0.0533 | E2: 5.1653 | F2: 0
A3: FOMO~AR | B3: 0.2392 | C3: 0.2332 | D3: 0.0538 | E3: 4.4463 | F3: 0
A4: FOMO~SME | B4: 0.3854 | C4: 0.3566 | D4: 0.0552 | E4: 6.9828 | F4: 0
A5: FOMO~LE | B5: 0.3712 | C5: 0.202 | D5: 0.0778 | E5: 4.7736 | F5: 0
A6: AIU~AL | B6: 0.4861 | C6: 0.5019 | D6: 0.0508 | E6: 9.5702 | F6: 0
A7: AIU~SME | B7: -0.2698 | C7: -0.2416 | D7: 0.0562 | E7: -4.7982 | F7: 0
A8: AIU~LE | B8: -0.0344 | C8: -0.0181 | D8: 0.0836 | E8: -0.4116 | F8: 0.6806
A9: IDQ~FOMO | B9: -0.3021 | C9: -0.3574 | D9: 0.0458 | E9: -6.5916 | F9: 0
A10: IDQ~AIU | B10: 0.2845 | C10: 0.3477 | D10: 0.0531 | E10: 5.3572 | F10: 0
A11: IDQ~AL | B11: 0.029 | C11: 0.0366 | D11: 0.0486 | E11: 0.5964 | F11: 0.5509
A12: IDQ~LE | B12: 0.134 | C12: 0.0863 | D12: 0.0738 | E12: 1.816 | F12: 0.0694
A13: IDQ~exp | B13: 0.0393 | C13: 0.0517 | D13: 0.035 | E13: 1.1206 | F13: 0.2624
