Workbook

Sheet راهنما
A1: ماتریس مولفه‌های ارزیابی ریسک سایبری توسط حسابرسان – پیش‌نویس مرحله اول پژوهش
A3: ساختار: ۲۱ مولفه با دیدگاه سازمان/مشترک (C01–C21) و ۹ مولفه مختص حسابرس (A01–A09).
A4: هدف: مبنای دلفی/مصاحبه با دو گروه (سازمان مورد رسیدگی و حسابرسان) و سپس مدل ساختاری در مقاله دوم.
A5: هشدار: تمام ارجاع‌ها از حافظه و چک‌لیست‌های اولیه تنظیم شده‌اند و باید با متن رسمی تطبیق شوند.
A6: سلول‌های زردرنگ ورودی پژوهشگر هستند (پیشینه پژوهش، امتیازات دو گروه).
A7: پس از اعتبارسنجی، ۳۰ مولفه باید به ۶ تا ۸ بُعد با زیرمولفه‌های ادغام‌شده کاهش یابد.
A9: شاخص | B9: مقدار | C9: توضیح
A10: تعداد کل مولفه‌ها | B10: =COUNTA(ماتریس!A5:A34) -> 30
A11: مولفه‌های دیدگاه سازمان | B11: =COUNTIF(ماتریس!$E$5:$E$34,"سازمان") -> 12
A12: مولفه‌های دیدگاه حسابرس | B12: =COUNTIF(ماتریس!$E$5:$E$34,"حسابرس") -> 9
A13: مولفه‌های مشترک | B13: =COUNTIF(ماتریس!$E$5:$E$34,"مشترک") -> 9 | C13: پل بین دو دیدگاه؛ مبنای مقایسه دو گروه
A14: میانگین تعداد چارچوب‌های پشتیبان (مولفه‌های غیرحسابرس) | B14: =IFERROR(AVERAGEIF(ماتریس!$E$5:$E$34,"<>حسابرس",ماتریس!L5:L34),0) -> 4.3333333 | C14: ستون‌های AICPA تا ISO 27005/سایر

Sheet ماتریس
A1: ماتریس نگاشت مولفه‌های ارزیابی ریسک سایبری در حسابرسی: دیدگاه سازمان و دیدگاه حسابرس
A2: توجه: ارجاع‌ها فقط تا حدی با منابع ثانویه کنترل شده‌اند (ساختار NIST CSF 2.0، ISO 27002:2022 و TSC) و شماره دقیق بندها باید با متن رسمی در شیت «منابع_رسمی» تطبیق و تیک بخورد. ستون «پیشینه پژوهش» را خودتان پر کنید.
A4: کد | B4: بُعد | C4: مولفه | D4: تعریف عملیاتی | E4: دیدگاه | F4: AICPA (TSC 2017 با نکات 2022 / SOC for Cybersecurity) | G4: NIST CSF 2.0 (و SP 800) | H4: ISO/IEC 27001:2022 و 27002:2022 | I4: ISO/IEC 27005:2022 و سایر ISO | J4: لایه حسابرسی (ISA / AU-C / PCAOB) | K4: پیشینه پژوهش (تکمیل شود) | L4: تعداد چارچوب‌های پشتیبان | M4: وضعیت راستی‌آزمایی
A5: C01 | B5: ۱. حاکمیت و راهبرد | C5: حاکمیت و نظارت مدیران ارشد بر ریسک سایبری | D5: نقش هیئت‌مدیره و مدیریت ارشد در تعیین ریسک‌پذیری، مسئولیت‌ها و نظارت بر برنامه ریسک سایبری | E5: سازمان | F5: CC1.2, CC1.3, CC2.2 | G5: GV.OV, GV.RR, GV.RM | H5: بند 5 (رهبری), 9.3 | J5: ISA 315 (Revised 2019) – درک محیط کنترلی; ISA 260 | L5: =COUNTIF(F5:J5,"?*") -> 4 | M5: ساختار با منابع ثانویه سازگار؛ بند/زیرمعیار دقیق هنوز با متن رسمی تطبیق نشده
A6: C02 | B6: ۱. حاکمیت و راهبرد | C6: سیاست‌ها و راهبرد امنیت سایبری | D6: وجود سیاست‌های مصوب، راهبرد و ارتباط آن با اهداف کسب‌وکار | E6: سازمان | F6: CC1.1, CC5.3 | G6: GV.PO, GV.OC | H6: 5.2, 5.3; Annex A 5.1 | J6: ISA 315 – درک محیط کنترلی | L6: =COUNTIF(F6:J6,"?*") -> 4 | M6: ساختار با منابع ثانویه سازگار؛ بند/زیرمعیار دقیق هنوز با متن رسمی تطبیق نشده
A7: C03 | B7: ۱. حاکمیت و راهبرد | C7: تعیین زمینه، دامنه و اهداف ارزیابی | D7: تعریف سیستم‌ها، فرایندها، داده‌ها و ذینفعان در دامنه ارزیابی | E7: مشترک | F7: CC3.1; توصیف سیستم (DC200 در SOC for Cybersecurity) | G7: GV.OC | H7: بندهای 4.1 تا 4.3 | I7: 27005 (بند زمینه); ISO 31010; ISO 31000 | J7: ISA 315 – درک نهاد و محیط آن | L7: =COUNTIF(F7:J7,"?*") -> 5 | M7: ساختار با منابع ثانویه سازگار؛ بند/زیرمعیار دقیق هنوز با متن رسمی تطبیق نشده
A8: C04 | B8: ۲. فرایند ارزیابی ریسک | C8: شناسایی و طبقه‌بندی دارایی‌ها | D8: فهرست به‌روز دارایی‌های اطلاعاتی، نرم‌افزار، سخت‌افزار، ابر و داده‌های بحرانی و اولویت‌بندی آن‌ها | E8: مشترک | F8: CC3.2, CC6.1 | G8: ID.AM | H8: Annex A 5.9, 5.12 | I8: 27005 (شناسایی دارایی‌ها) | J8: ISA 315 – درک محیط IT و سیستم اطلاعاتی | L8: =COUNTIF(F8:J8,"?*") -> 5 | M8: ساختار با منابع ثانویه سازگار؛ بند/زیرمعیار دقیق هنوز با متن رسمی تطبیق نشده
A9: C05 | B9: ۲. فرایند ارزیابی ریسک | C9: شناسایی تهدید و اطلاعات تهدید | D9: شناسایی تهدیدها و عوامل تهدید داخلی و خارجی | E9: سازمان | F9: CC3.2, CC7.2 | G9: ID.RA, DE.AE | H9: Annex A 5.7 | I9: 27005 (شناسایی ریسک) | L9: =COUNTIF(F9:J9,"?*") -> 4 | M9: ساختار با منابع ثانویه سازگار؛ بند/زیرمعیار دقیق هنوز با متن رسمی تطبیق نشده
A10: C06 | B10: ۲. فرایند ارزیابی ریسک | C10: مدیریت آسیب‌پذیری و آزمون نفوذ | D10: ارزیابی آسیب‌پذیری، تست نفوذ و تمرین تیم قرمز | E10: سازمان | F10: CC7.1 | G10: ID.RA, PR.PS | H10: Annex A 8.8, 8.29 | I10: ISO/IEC 27034 (امنیت برنامه‌ها) | J10: ISA 330 – روش‌های حسابرسی تکمیلی | L10: =COUNTIF(F10:J10,"?*") -> 5 | M10: ساختار با منابع ثانویه سازگار؛ بند/زیرمعیار دقیق هنوز با متن رسمی تطبیق نشده
A11: C07 | B11: ۲. فرایند ارزیابی ریسک | C11: تحلیل و ارزیابی ریسک (احتمال، اثر، رتبه‌بندی) | D11: تحلیل احتمال و اثر، رتبه‌بندی و اولویت‌بندی ریسک‌های شناسایی‌شده | E11: مشترک | F11: CC3.2 | G11: GV.RM, ID.RA; SP 800-30 Rev.1 | H11: 6.1.2, 8.2 | I11: 27005 (تحلیل/ارزیابی ریسک); ISO 31010 | J11: ISA 315 – شناسایی و ارزیابی ریسک تحریف با اهمیت | L11: =COUNTIF(F11:J11,"?*") -> 5 | M11: ساختار با منابع ثانویه سازگار؛ بند/زیرمعیار دقیق هنوز با متن رسمی تطبیق نشده
A12: C08 | B12: ۲. فرایند ارزیابی ریسک | C12: ریسک تقلب سایبری و تغییرات محیط | D12: ارزیابی ریسک تقلب و اثر تغییرات سازمانی/فناورانه بر ریسک | E12: مشترک | F12: CC3.3, CC3.4 | G12: ID.IM, GV.RM | H12: 6.1, 6.3 | I12: ISO 31000 | J12: ISA 240 | L12: =COUNTIF(F12:J12,"?*") -> 5 | M12: ساختار با منابع ثانویه سازگار؛ بند/زیرمعیار دقیق هنوز با متن رسمی تطبیق نشده
A13: C09 | B13: ۳. کنترل و کاهش ریسک | C13: اجرای کنترل‌ها و برنامه برطرف‌سازی ریسک | D13: انتخاب و اجرای کنترل‌ها، بیانیه کاربست‌پذیری و پذیرش ریسک باقیمانده | E13: سازمان | F13: CC5.1, CC5.2 | G13: GV.RM, PR | H13: 6.1.3, 8.3 | I13: 27005 (مقابله با ریسک) | J13: ISA 315 – شناسایی کنترل‌های مرتبط | L13: =COUNTIF(F13:J13,"?*") -> 5 | M13: ساختار با منابع ثانویه سازگار؛ بند/زیرمعیار دقیق هنوز با متن رسمی تطبیق نشده
A14: C10 | B14: ۳. کنترل و کاهش ریسک | C14: کنترل دسترسی و احراز هویت | D14: مدیریت هویت، دسترسی‌ها، امتیازات و احراز هویت چندعاملی | E14: سازمان | F14: CC6.1, CC6.2, CC6.3 | G14: PR.AA | H14: Annex A 5.15–5.18, 8.2, 8.5 | J14: ITGC (ISA 315, ISA 330; PCAOB AS 2201) | L14: =COUNTIF(F14:J14,"?*") -> 4 | M14: ساختار با منابع ثانویه سازگار؛ بند/زیرمعیار دقیق هنوز با متن رسمی تطبیق نشده
A15: C11 | B15: ۳. کنترل و کاهش ریسک | C15: حفاظت از داده و رمزنگاری | D15: طبقه‌بندی، رمزنگاری، پشتیبان‌گیری و کنترل انتقال داده | E15: سازمان | F15: CC6.1, CC6.7, C1.1 | G15: PR.DS | H15: Annex A 5.12–5.14, 8.24 | L15: =COUNTIF(F15:J15,"?*") -> 3 | M15: ساختار با منابع ثانویه سازگار؛ بند/زیرمعیار دقیق هنوز با متن رسمی تطبیق نشده
A16: C12 | B16: ۳. کنترل و کاهش ریسک | C16: امنیت شبکه، زیرساخت و محیط فیزیکی | D16: کنترل‌های شبکه، تجهیزات، مراکز داده و امنیت فیزیکی | E16: سازمان | F16: CC6.4, CC6.6, CC6.8 | G16: PR.IR, PR.PS | H16: Annex A 7.x, 8.20–8.22 | I16: ISO/IEC 27033 | L16: =COUNTIF(F16:J16,"?*") -> 4 | M16: ساختار با منابع ثانویه سازگار؛ بند/زیرمعیار دقیق هنوز با متن رسمی تطبیق نشده
A17: C13 | B17: ۳. کنترل و کاهش ریسک | C17: توسعه امن و مدیریت تغییرات | D17: رویه‌های کنترل تغییر، توسعه امن و آزمون پذیرش | E17: سازمان | F17: CC8.1 | G17: PR.PS | H17: Annex A 8.25–8.32 | I17: ISO/IEC 27034 | J17: ITGC – مدیریت تغییر برنامه | L17: =COUNTIF(F17:J17,"?*") -> 5 | M17: ساختار با منابع ثانویه سازگار؛ بند/زیرمعیار دقیق هنوز با متن رسمی تطبیق نشده
A18: C14 | B18: ۳. کنترل و کاهش ریسک | C18: آگاهی و آموزش امنیتی | D18: آموزش کارکنان، کمپین آگاهی و ارزیابی مهندسی اجتماعی/فیشینگ | E18: سازمان | F18: CC1.4, CC2.2 | G18: PR.AT | H18: 7.3; Annex A 6.3 | L18: =COUNTIF(F18:J18,"?*") -> 3 | M18: ساختار با منابع ثانویه سازگار؛ بند/زیرمعیار دقیق هنوز با متن رسمی تطبیق نشده
A19: C15 | B19: ۳. کنترل و کاهش ریسک | C19: ریسک شخص ثالث و زنجیره تأمین | D19: ارزیابی ارائه‌دهندگان خدمات، قراردادها و پایش مستمر | E19: مشترک | F19: CC9.2 | G19: GV.SC | H19: Annex A 5.19–5.23 | I19: ISO/IEC 27036 | J19: ISA 402 – سازمان‌های خدماتی | L19: =COUNTIF(F19:J19,"?*") -> 5 | M19: ساختار با منابع ثانویه سازگار؛ بند/زیرمعیار دقیق هنوز با متن رسمی تطبیق نشده
A20: C16 | B20: ۴. پایش و پاسخ | C20: پایش مستمر و ثبت وقایع | D20: ثبت و تحلیل لاگ‌ها، SIEM و کشف ناهنجاری | E20: مشترک | F20: CC7.2, CC4.1 | G20: DE.CM, DE.AE; SP 800-92 | H20: Annex A 8.15, 8.16; 9.1 | J20: ISA 500 – شواهد حسابرسی الکترونیکی | L20: =COUNTIF(F20:J20,"?*") -> 4 | M20: ساختار با منابع ثانویه سازگار؛ بند/زیرمعیار دقیق هنوز با متن رسمی تطبیق نشده
A21: C17 | B21: ۴. پایش و پاسخ | C21: مدیریت و پاسخ به حوادث | D21: طرح پاسخ، آزمون طرح، مهار، تحلیل و ارتباطات | E21: سازمان | F21: CC7.3, CC7.4 | G21: RS.MA, RS.AN, RS.CO, RS.MI; SP 800-61 Rev.3 | H21: Annex A 5.24–5.28 | L21: =COUNTIF(F21:J21,"?*") -> 3 | M21: ساختار با منابع ثانویه سازگار؛ بند/زیرمعیار دقیق هنوز با متن رسمی تطبیق نشده
A22: C18 | B22: ۴. پایش و پاسخ | C22: تداوم کسب‌وکار و بازیابی از بحران | D22: طرح تداوم، آمادگی ICT و آزمون بازیابی | E22: مشترک | F22: CC7.5, CC9.1, A1.2, A1.3 | G22: RC.RP, RC.CO | H22: Annex A 5.29, 5.30, 8.13, 8.14 | I22: ISO/IEC 27031; ISO 22301 | J22: ISA 570 – تداوم فعالیت | L22: =COUNTIF(F22:J22,"?*") -> 5 | M22: ساختار با منابع ثانویه سازگار؛ بند/زیرمعیار دقیق هنوز با متن رسمی تطبیق نشده
A23: C19 | B23: ۵. انطباق، بهبود و گزارشگری | C23: انطباق با الزامات قانونی و حریم خصوصی | D23: رعایت قوانین/مقررات ملی و صنعتی؛ ارزیابی اثر حریم خصوصی | E23: مشترک | F23: CC2.3, سری P (حریم خصوصی) | G23: GV.OC | H23: Annex A 5.31, 5.34 | I23: ISO/IEC 29134 (PIA) | J23: ISA 250 | L23: =COUNTIF(F23:J23,"?*") -> 5 | M23: ساختار با منابع ثانویه سازگار؛ بند/زیرمعیار دقیق هنوز با متن رسمی تطبیق نشده
A24: C20 | B24: ۵. انطباق، بهبود و گزارشگری | C24: بهبود مستمر و ارزیابی اثربخشی | D24: ممیزی داخلی، بازنگری مدیریت و بهبود مستمر | E24: سازمان | F24: CC4.1, CC4.2 | G24: ID.IM | H24: 9.2, 9.3, 10 | I24: ISO 31000 | L24: =COUNTIF(F24:J24,"?*") -> 4 | M24: ساختار با منابع ثانویه سازگار؛ بند/زیرمعیار دقیق هنوز با متن رسمی تطبیق نشده
A25: C21 | B25: ۵. انطباق، بهبود و گزارشگری | C25: مستندسازی و گزارشگری ریسک | D25: ثبت یافته‌ها و گزارش به مدیریت و ذینفعان | E25: مشترک | F25: CC2.1, CC2.3 | G25: GV.OV | H25: 7.5, 9.3 | J25: ISA 265; ISA 260 | L25: =COUNTIF(F25:J25,"?*") -> 4 | M25: ساختار با منابع ثانویه سازگار؛ بند/زیرمعیار دقیق هنوز با متن رسمی تطبیق نشده
A26: A01 | B26: ۶. فرایند حسابرسی ریسک سایبری | C26: درک سازمان، محیط IT و سیستم اطلاعاتی | D26: کسب درک از فناوری، سیستم‌های مالی و وابستگی کسب‌وکار به IT | E26: حسابرس | J26: ISA 315 (Revised 2019); AU-C 315; PCAOB AS 2110 | L26: =COUNTIF(F26:J26,"?*") -> 1 | M26: ساختار با منابع ثانویه سازگار؛ بند/زیرمعیار دقیق هنوز با متن رسمی تطبیق نشده
A27: A02 | B27: ۶. فرایند حسابرسی ریسک سایبری | C27: ارزیابی اثر ریسک سایبری بر ریسک تحریف با اهمیت | D27: اتصال ریسک سایبری به ادعاهای صورت‌های مالی و ریسک‌های ذاتی | E27: حسابرس | J27: ISA 315; ISA 240; ISA 450 | L27: =COUNTIF(F27:J27,"?*") -> 1 | M27: ساختار با منابع ثانویه سازگار؛ بند/زیرمعیار دقیق هنوز با متن رسمی تطبیق نشده
A28: A03 | B28: ۶. فرایند حسابرسی ریسک سایبری | C28: ارزیابی طراحی و اثربخشی کنترل‌های عمومی IT | D28: آزمون طراحی/اجرای ITGC و تعیین اتکا به کنترل‌ها | E28: حسابرس | J28: ISA 315; ISA 330; PCAOB AS 2201 | L28: =COUNTIF(F28:J28,"?*") -> 1 | M28: ساختار با منابع ثانویه سازگار؛ بند/زیرمعیار دقیق هنوز با متن رسمی تطبیق نشده
A29: A04 | B29: ۶. فرایند حسابرسی ریسک سایبری | C29: کفایت و قابلیت اتکای شواهد الکترونیکی | D29: ارزیابی کفایت، مربوط‌بودن و یکپارچگی شواهد و داده‌ها | E29: حسابرس | J29: ISA 500; ISA 230 | L29: =COUNTIF(F29:J29,"?*") -> 1 | M29: ساختار با منابع ثانویه سازگار؛ بند/زیرمعیار دقیق هنوز با متن رسمی تطبیق نشده
A30: A05 | B30: ۷. اتکا، صلاحیت و گزارشگری حسابرس | C30: اتکا به گزارش‌های سازمان خدماتی | D30: ارزیابی گزارش SOC 1 / SOC 2 / SOC for Cybersecurity | E30: حسابرس | F30: گزارش‌های SOC 2 و SOC for Cybersecurity | J30: ISA 402 | L30: =COUNTIF(F30:J30,"?*") -> 2 | M30: ساختار با منابع ثانویه سازگار؛ بند/زیرمعیار دقیق هنوز با متن رسمی تطبیق نشده
A31: A06 | B31: ۷. اتکا، صلاحیت و گزارشگری حسابرس | C31: شایستگی فنی حسابرس و استفاده از کارشناس | D31: مهارت سایبری حسابرس، به‌کارگیری کارشناس IT و کنترل کیفیت | E31: حسابرس | J31: ISA 620; ISA 220; ISQM 1 | L31: =COUNTIF(F31:J31,"?*") -> 1 | M31: ساختار با منابع ثانویه سازگار؛ بند/زیرمعیار دقیق هنوز با متن رسمی تطبیق نشده
A32: A07 | B32: ۷. اتکا، صلاحیت و گزارشگری حسابرس | C32: ارزیابی اثر حوادث سایبری بر صورت‌های مالی و افشا | D32: حادثه سایبری، رویدادهای پس از تاریخ ترازنامه، تداوم فعالیت و افشا | E32: حسابرس | J32: ISA 450; ISA 560; ISA 570; ISA 250 | L32: =COUNTIF(F32:J32,"?*") -> 1 | M32: ساختار با منابع ثانویه سازگار؛ بند/زیرمعیار دقیق هنوز با متن رسمی تطبیق نشده
A33: A08 | B33: ۷. اتکا، صلاحیت و گزارشگری حسابرس | C33: ارتباط با راهبران و گزارش نقاط ضعف کنترلی | D33: اطلاع‌رسانی ضعف‌های کنترلی سایبری به مدیریت و راهبران | E33: حسابرس | J33: ISA 260; ISA 265 | L33: =COUNTIF(F33:J33,"?*") -> 1 | M33: ساختار با منابع ثانویه سازگار؛ بند/زیرمعیار دقیق هنوز با متن رسمی تطبیق نشده
A34: A09 | B34: ۷. اتکا، صلاحیت و گزارشگری حسابرس | C34: قضاوت و تردید حرفه‌ای در ریسک سایبری | D34: اعمال قضاوت حرفه‌ای در ارزیابی ریسک سایبری و تردید حرفه‌ای | E34: حسابرس | J34: ISA 200 | L34: =COUNTIF(F34:J34,"?*") -> 1 | M34: ساختار با منابع ثانویه سازگار؛ بند/زیرمعیار دقیق هنوز با متن رسمی تطبیق نشده

Sheet اصلاح_ارجاعات
A1: اصلاح ارجاع‌های چک‌لیست‌های اولیه (پیش‌نویس – قبل از استفاده با متن رسمی تطبیق داده شود)
A3: ردیف | B3: مرحله در چک‌لیست اولیه | C3: ارجاع اولیه | D3: ارجاع پیشنهادی | E3: توضیح
A4: 1 | B4: تعیین دامنه ارزیابی | C4: SOC 2 CC1.2 | D4: CC3.1 و توصیف سیستم (DC200) | E4: CC1.2 مربوط به استقلال و نظارت هیئت‌مدیره است.
A5: 2 | B5: شناسایی دارایی‌های بحرانی | C5: SOC 2 CC3.1 | D5: CC3.2, CC6.1 | E5: CC3.1 مربوط به تعیین اهداف است.
A6: 3 | B6: شناسایی تهدید و تحلیل ریسک | C6: SOC 2 CC3.2 | D6: CC3.2 (درست) | E6: تغییری لازم نیست.
A7: 4 | B7: ارزیابی آسیب‌پذیری | C7: SOC 2 CC3.2 | D7: CC7.1 | E7: کشف آسیب‌پذیری‌ها و تغییرات پیکربندی در CC7.1 است.
A8: 5 | B8: کنترل و کاهش ریسک | C8: SOC 2 CC3.3 | D8: CC5.1, CC5.2 (و CC3.4 برای تغییرات) | E8: CC3.3 مربوط به ریسک تقلب است.
A9: 6 | B9: برنامه پاسخ به حوادث | C9: SOC 2 CC6.1 | D9: CC7.3 تا CC7.5 | E9: CC6.1 دسترسی منطقی است.
A10: 7 | B10: حفاظت از داده‌ها | C10: SOC 2 CC6.2 | D10: CC6.1, CC6.7 | E10: CC6.2 ثبت و مجوز کاربران است.
A11: 8 | B11: مدیریت تغییرات | C11: SOC 2 CC8.1 | D11: CC8.1 (درست) | E11: تغییری لازم نیست.
A12: 9 | B12: آموزش آگاهی | C12: SOC 2 CC9.1 | D12: CC1.4, CC2.2 | E12: CC9.1 کاهش ریسک اختلال کسب‌وکار است.
A13: 10 | B13: ریسک شخص ثالث | C13: SOC 2 CC9.2 | D13: CC9.2 (درست) | E13: تغییری لازم نیست.
A14: 11 | B14: نظارت و ثبت وقایع | C14: SOC 2 CC10.1 | D14: CC7.2, CC4.1 | E14: معیار CC10 در TSC وجود ندارد.
A15: 12 | B15: تداوم فعالیت | C15: SOC 2 CC11.1 | D15: CC7.5, CC9.1, A1.2, A1.3 | E15: معیار CC11 در TSC وجود ندارد.
... A22: 19 | B22: تیم قرمز / مهندسی اجتماعی / موبایل | C22: ISO 27033-3 / ISO 27001 کلی | D22: کنترل مشخص Annex A یا NIST (مثلاً A 8.29, 6.3, 8.1) | E22: ارجاع کلی کافی نیست؛ بند/کنترل دقیق بنویسید.

Sheet منابع_رسمی
A1: فهرست منابع رسمی برای تطبیق ارجاع‌ها (قبل از ارسال مقاله هر مورد باید با متن اصلی چک و تیک بخورد)
A3: ردیف | B3: منبع (به سبک مرجع‌نویسی) | C3: ناشر | D3: نشانی رسمی برای دریافت | E3: تطبیق شد؟ (بله/خیر) | F3: نکته
A4: 1 | B4: AICPA. (2017). 2017 Trust Services Criteria for Security, Availability, Processing Integrity, Confidentiality, and Privacy (With Revised Points of Focus—2022). TSP Section 100. | C4: AICPA & CIMA | D4: aicpa-cima.com | F4: معیارهای CC1 تا CC9، A1، C1، PI1، P1–P8
A5: 2 | B5: AICPA. (2017). Description Criteria for Management's Description of an Entity's Cybersecurity Risk Management Program (DC Section 100). | C5: AICPA & CIMA | D5: aicpa-cima.com | F5: مبنای SOC for Cybersecurity؛ شماره DC200 را تطبیق دهید
A6: 3 | B6: AICPA. SOC for Cybersecurity – Guide: Reporting on an Entity's Cybersecurity Risk Management Program and Controls. | C6: AICPA & CIMA | D6: aicpa-cima.com | F6: ویرایش و سال را از سایت ثبت کنید
A7: 4 | B7: NIST. (2024). The NIST Cybersecurity Framework (CSF) 2.0 (NIST CSWP 29). https://doi.org/10.6028/NIST.CSWP.29 | C7: NIST | D7: nist.gov / doi.org | F7: Functions: GV, ID, PR, DE, RS, RC
A8: 5 | B8: NIST. (2012). Guide for Conducting Risk Assessments (SP 800-30 Rev. 1). | C8: NIST | D8: csrc.nist.gov
A9: 6 | B9: NIST. (2025). Incident Response Recommendations and Considerations for Cybersecurity Risk Management: A CSF 2.0 Community Profile (SP 800-61 Rev. 3). | C9: NIST | D9: csrc.nist.gov | F9: جایگزین Rev. 2؛ عنوان و تاریخ را تطبیق دهید
A10: 7 | B10: NIST. (2006). Guide to Computer Security Log Management (SP 800-92). | C10: NIST | D10: csrc.nist.gov | F10: بررسی کنید ویرایش جدیدتر منتشر نشده باشد
A11: 8 | B11: ISO/IEC. (2022). ISO/IEC 27001:2022 Information security, cybersecurity and privacy protection — Information security management systems — Requirements. | C11: ISO/IEC | D11: iso.org | F11: بندهای 4 تا 10 و Annex A
A12: 9 | B12: ISO/IEC. (2022). ISO/IEC 27002:2022 Information security controls. | C12: ISO/IEC | D12: iso.org | F12: 93 کنترل در 4 گروه؛ شماره کنترل‌ها را از متن تطبیق دهید
A13: 10 | B13: ISO/IEC. (2022). ISO/IEC 27005:2022 Guidance on managing information security risks. | C13: ISO/IEC | D13: iso.org | F13: در ماتریس شماره بند آورده نشده؛ در صورت نیاز از متن اضافه شود
A14: 11 | B14: ISO/IEC. ISO/IEC 27031 (Business continuity ICT readiness) – ویرایش جاری. | C14: ISO/IEC | D14: iso.org | F14: سال آخرین ویرایش را تطبیق دهید
A15: 12 | B15: ISO/IEC. ISO/IEC 27036-1 (Supplier relationships) – ویرایش جاری. | C15: ISO/IEC | D15: iso.org | F15: سال آخرین ویرایش را تطبیق دهید
A16: 13 | B16: ISO/IEC. ISO/IEC 29134 (Guidelines for privacy impact assessment) – ویرایش جاری. | C16: ISO/IEC | D16: iso.org | F16: جایگزین ارجاع نادرست 29100
A17: 14 | B17: ISO. (2018). ISO 31000:2018 Risk management — Guidelines. / IEC 31010:2019 Risk assessment techniques. | C17: ISO / IEC | D17: iso.org
A18: 15 | B18: ISO/IEC. ISO/IEC 27034-1 Application security – Overview and concepts. | C18: ISO/IEC | D18: iso.org | F18: سال/ویرایش را تطبیق دهید
A19: 16 | B19: IAASB. International Standard on Auditing 315 (Revised 2019), Identifying and Assessing the Risks of Material Misstatement. | C19: IAASB / IFAC | D19: iaasb.org | F19: ارجاع به بندهای مربوط به درک محیط IT را از متن اضافه کنید
A20: 17 | B20: IAASB. ISA 200, 230, 240, 250, 260, 265, 330, 402, 450, 500, 560, 570, 620 و ISQM 1. | C20: IAASB / IFAC | D20: iaasb.org | F20: ویرایش‌های جاری (به‌ویژه 570 و 220) را چک کنید
A21: 18 | B21: PCAOB. AS 2110 Identifying and Assessing Risks of Material Misstatement; AS 2201 An Audit of Internal Control Over Financial Reporting. | C21: PCAOB | D21: pcaobus.org | F21: فقط اگر دیدگاه آمریکایی لازم است
A22: 19 | B22: استانداردهای حسابرسی ایران (ترجمه/تطبیق ISA) – ویرایش جاری | C22: سازمان حسابرسی | D22: مرجع رسمی سازمان حسابرسی | F22: شماره و نسخه ایرانی ISAها را از متن رسمی تطبیق دهید

Sheet مقایسه_دو_گروه
A1: ابزار مقایسه اهمیت مولفه‌ها از دید دو گروه: سازمان مورد رسیدگی و حسابرسان
A2: آستانه شکاف قابل‌توجه (قدر مطلق تفاوت میانگین‌ها، مقیاس 1 تا 5): | E2: 1 | F2: فرض پژوهشگر؛ قابل تغییر
A3: راهنما: ستون‌های زردرنگ را (میانگین امتیاز هر گروه) پر کنید. ردیف نمونه صرفاً الگوست و باید حذف شود.
A5: کد | B5: مولفه | C5: دیدگاه | D5: میانگین گروه سازمان | E5: میانگین گروه حسابرس | F5: شکاف | G5: تفسیر
A6: نمونه | B6: مثال: مولفه فرضی (حذف شود) | C6: مشترک | D6: 4.2 | E6: 3.6 | F6: =IF(AND(ISNUMBER(D6),ISNUMBER(E6)),D6-E6,"") -> 0.6 | G6: =IF(F6="","",IF(ABS(F6)>=$E$2,"شکاف قابل‌توجه","همسو")) -> همسو
A7: =ماتریس!A5 -> C01 | B7: =ماتریس!C5 -> حاکمیت و نظارت مدیران ارشد بر ریسک سایبری | C7: =ماتریس!E5 -> سازمان | F7: =IF(AND(ISNUMBER(D7),ISNUMBER(E7)),D7-E7,"") | G7: =IF(F7="","",IF(ABS(F7)>=$E$2,"شکاف قابل‌توجه","همسو"))
A8: =ماتریس!A6 -> C02 | B8: =ماتریس!C6 -> سیاست‌ها و راهبرد امنیت سایبری | C8: =ماتریس!E6 -> سازمان | F8: =IF(AND(ISNUMBER(D8),ISNUMBER(E8)),D8-E8,"") | G8: =IF(F8="","",IF(ABS(F8)>=$E$2,"شکاف قابل‌توجه","همسو"))
A9: =ماتریس!A7 -> C03 | B9: =ماتریس!C7 -> تعیین زمینه، دامنه و اهداف ارزیابی | C9: =ماتریس!E7 -> مشترک | F9: =IF(AND(ISNUMBER(D9),ISNUMBER(E9)),D9-E9,"") | G9: =IF(F9="","",IF(ABS(F9)>=$E$2,"شکاف قابل‌توجه","همسو"))
A10: =ماتریس!A8 -> C04 | B10: =ماتریس!C8 -> شناسایی و طبقه‌بندی دارایی‌ها | C10: =ماتریس!E8 -> مشترک | F10: =IF(AND(ISNUMBER(D10),ISNUMBER(E10)),D10-E10,"") | G10: =IF(F10="","",IF(ABS(F10)>=$E$2,"شکاف قابل‌توجه","همسو"))
A11: =ماتریس!A9 -> C05 | B11: =ماتریس!C9 -> شناسایی تهدید و اطلاعات تهدید | C11: =ماتریس!E9 -> سازمان | F11: =IF(AND(ISNUMBER(D11),ISNUMBER(E11)),D11-E11,"") | G11: =IF(F11="","",IF(ABS(F11)>=$E$2,"شکاف قابل‌توجه","همسو"))
A12: =ماتریس!A10 -> C06 | B12: =ماتریس!C10 -> مدیریت آسیب‌پذیری و آزمون نفوذ | C12: =ماتریس!E10 -> سازمان | F12: =IF(AND(ISNUMBER(D12),ISNUMBER(E12)),D12-E12,"") | G12: =IF(F12="","",IF(ABS(F12)>=$E$2,"شکاف قابل‌توجه","همسو"))
A13: =ماتریس!A11 -> C07 | B13: =ماتریس!C11 -> تحلیل و ارزیابی ریسک (احتمال، اثر، رتبه‌بندی) | C13: =ماتریس!E11 -> مشترک | F13: =IF(AND(ISNUMBER(D13),ISNUMBER(E13)),D13-E13,"") | G13: =IF(F13="","",IF(ABS(F13)>=$E$2,"شکاف قابل‌توجه","همسو"))
A14: =ماتریس!A12 -> C08 | B14: =ماتریس!C12 -> ریسک تقلب سایبری و تغییرات محیط | C14: =ماتریس!E12 -> مشترک | F14: =IF(AND(ISNUMBER(D14),ISNUMBER(E14)),D14-E14,"") | G14: =IF(F14="","",IF(ABS(F14)>=$E$2,"شکاف قابل‌توجه","همسو"))
A15: =ماتریس!A13 -> C09 | B15: =ماتریس!C13 -> اجرای کنترل‌ها و برنامه برطرف‌سازی ریسک | C15: =ماتریس!E13 -> سازمان | F15: =IF(AND(ISNUMBER(D15),ISNUMBER(E15)),D15-E15,"") | G15: =IF(F15="","",IF(ABS(F15)>=$E$2,"شکاف قابل‌توجه","همسو"))
A16: =ماتریس!A14 -> C10 | B16: =ماتریس!C14 -> کنترل دسترسی و احراز هویت | C16: =ماتریس!E14 -> سازمان | F16: =IF(AND(ISNUMBER(D16),ISNUMBER(E16)),D16-E16,"") | G16: =IF(F16="","",IF(ABS(F16)>=$E$2,"شکاف قابل‌توجه","همسو"))
A17: =ماتریس!A15 -> C11 | B17: =ماتریس!C15 -> حفاظت از داده و رمزنگاری | C17: =ماتریس!E15 -> سازمان | F17: =IF(AND(ISNUMBER(D17),ISNUMBER(E17)),D17-E17,"") | G17: =IF(F17="","",IF(ABS(F17)>=$E$2,"شکاف قابل‌توجه","همسو"))
A18: =ماتریس!A16 -> C12 | B18: =ماتریس!C16 -> امنیت شبکه، زیرساخت و محیط فیزیکی | C18: =ماتریس!E16 -> سازمان | F18: =IF(AND(ISNUMBER(D18),ISNUMBER(E18)),D18-E18,"") | G18: =IF(F18="","",IF(ABS(F18)>=$E$2,"شکاف قابل‌توجه","همسو"))
... A36: =ماتریس!A34 -> A09 | B36: =ماتریس!C34 -> قضاوت و تردید حرفه‌ای در ریسک سایبری | C36: =ماتریس!E34 -> حسابرس | F36: =IF(AND(ISNUMBER(D36),ISNUMBER(E36)),D36-E36,"") | G36: =IF(F36="","",IF(ABS(F36)>=$E$2,"شکاف قابل‌توجه","همسو"))
