Workbook

Sheet راهنما
A1: فایل داده — مقالهٔ 1
A2: ⚠ این داده‌ها با شبیه‌سازی واقع‌نما تولید شده‌اند و هیچ پاسخ‌دهندهٔ واقعی ندارند.
A3: تعداد مشاهدات: 386
A4: برگه‌ها: Data (دادهٔ خام) | Codebook (کدنامه) | Scoring (راهنمای نمره‌دهی) | Scores_formula (نمره‌ها با فرمول Excel) | Scores_values (نمره‌ها به‌صورت عدد) | Descriptives | Reliability | Paths (ضرایب مسیر)
A5: برای جایگزینی دادهٔ واقعی: همین ساختار ستونی را حفظ کنید و فایل را به‌صورت CSV در کد (DATA_PATH) بدهید.

Sheet Data
A1: ID | B1: gender | C1: age | D1: edu | E1: exp | F1: portfolio | G1: SME1 | H1: SME2 | I1: SME3 | J1: SME4 | K1: SME5 | L1: FOMO1 | M1: FOMO2 | N1: FOMO3 | O1: FOMO4 | P1: FOMO5 | Q1: FOMO6 | R1: HRD1 | S1: HRD2 | T1: HRD3 | U1: HRD4 | V1: HRD5 | W1: AIU1 | X1: AIU2 | Y1: AIU3 | Z1: AIU4 | AA1: AIU5 | AB1: IDQ1 | AC1: IDQ2 | AD1: IDQ3 | AE1: IDQ4 | AF1: IDQ5
A2: 1 | B2: 1 | C2: 30 | D2: 3 | E2: 4 | F2: 265 | G2: 5 | H2: 4 | I2: 2 | J2: 4 | K2: 4 | L2: 4 | M2: 2 | N2: 4 | O2: 3 | P2: 3 | Q2: 4 | R2: 2 | S2: 4 | T2: 3 | U2: 3 | V2: 4 | W2: 2 | X2: 3 | Y2: 2 | Z2: 2 | AA2: 1 | AB2: 1 | AC2: 3 | AD2: 2 | AE2: 1 | AF2: 1
A3: 2 | B3: 1 | C3: 48 | D3: 2 | E3: 7 | F3: 75 | G3: 5 | H3: 5 | I3: 5 | J3: 5 | K3: 4 | L3: 2 | M3: 1 | N3: 3 | O3: 2 | P3: 2 | Q3: 1 | R3: 1 | S3: 2 | T3: 3 | U3: 4 | V3: 3 | W3: 4 | X3: 2 | Y3: 3 | Z3: 2 | AA3: 4 | AB3: 4 | AC3: 4 | AD3: 4 | AE3: 3 | AF3: 3
A4: 3 | B4: 0 | C4: 38 | D4: 3 | E4: 5 | F4: 205 | G4: 2 | H4: 3 | I4: 2 | J4: 4 | K4: 2 | L4: 3 | M4: 3 | N4: 3 | O4: 4 | P4: 5 | Q4: 2 | R4: 3 | S4: 1 | T4: 2 | U4: 1 | V4: 2 | W4: 4 | X4: 3 | Y4: 3 | Z4: 3 | AA4: 3 | AB4: 2 | AC4: 1 | AD4: 1 | AE4: 2 | AF4: 2
A5: 4 | B5: 0 | C5: 33 | D5: 3 | E5: 4 | F5: 684 | G5: 4 | H5: 3 | I5: 4 | J5: 5 | K5: 5 | L5: 4 | M5: 4 | N5: 4 | O5: 4 | P5: 3 | Q5: 4 | R5: 3 | S5: 4 | T5: 4 | U5: 4 | V5: 4 | W5: 3 | X5: 3 | Y5: 2 | Z5: 2 | AA5: 2 | AB5: 1 | AC5: 1 | AD5: 2 | AE5: 1 | AF5: 3
A6: 5 | B6: 0 | C6: 27 | D6: 2 | E6: 3 | F6: 101 | G6: 5 | H6: 4 | I6: 3 | J6: 4 | K6: 4 | L6: 4 | M6: 4 | N6: 4 | O6: 3 | P6: 3 | Q6: 3 | R6: 1 | S6: 3 | T6: 3 | U6: 2 | V6: 3 | W6: 2 | X6: 2 | Y6: 5 | Z6: 2 | AA6: 2 | AB6: 1 | AC6: 2 | AD6: 2 | AE6: 2 | AF6: 2
A7: 6 | B7: 1 | C7: 35 | D7: 3 | E7: 8 | F7: 162 | G7: 3 | H7: 3 | I7: 4 | J7: 3 | K7: 5 | L7: 3 | M7: 4 | N7: 3 | O7: 3 | P7: 3 | Q7: 2 | R7: 1 | S7: 2 | T7: 2 | U7: 4 | V7: 4 | W7: 3 | X7: 3 | Y7: 4 | Z7: 3 | AA7: 3 | AB7: 3 | AC7: 2 | AD7: 5 | AE7: 1 | AF7: 3
A8: 7 | B8: 1 | C8: 49 | D8: 2 | E8: 18 | F8: 141 | G8: 4 | H8: 2 | I8: 2 | J8: 3 | K8: 3 | L8: 5 | M8: 4 | N8: 5 | O8: 4 | P8: 5 | Q8: 4 | R8: 4 | S8: 2 | T8: 3 | U8: 2 | V8: 4 | W8: 4 | X8: 4 | Y8: 2 | Z8: 3 | AA8: 2 | AB8: 4 | AC8: 2 | AD8: 3 | AE8: 2 | AF8: 3
A9: 8 | B9: 1 | C9: 38 | D9: 3 | E9: 7 | F9: 73 | G9: 5 | H9: 4 | I9: 3 | J9: 5 | K9: 3 | L9: 4 | M9: 4 | N9: 3 | O9: 2 | P9: 3 | Q9: 2 | R9: 1 | S9: 1 | T9: 1 | U9: 2 | V9: 3 | W9: 3 | X9: 4 | Y9: 3 | Z9: 2 | AA9: 4 | AB9: 2 | AC9: 3 | AD9: 4 | AE9: 3 | AF9: 3
A10: 9 | B10: 1 | C10: 30 | D10: 1 | E10: 2 | F10: 200 | G10: 4 | H10: 4 | I10: 5 | J10: 4 | K10: 3 | L10: 3 | M10: 2 | N10: 3 | O10: 1 | P10: 2 | Q10: 3 | R10: 3 | S10: 2 | T10: 2 | U10: 2 | V10: 3 | W10: 4 | X10: 3 | Y10: 4 | Z10: 4 | AA10: 3 | AB10: 4 | AC10: 4 | AD10: 5 | AE10: 5 | AF10: 4
A11: 10 | B11: 1 | C11: 46 | D11: 2 | E11: 11 | F11: 105 | G11: 2 | H11: 2 | I11: 2 | J11: 4 | K11: 2 | L11: 3 | M11: 3 | N11: 4 | O11: 3 | P11: 2 | Q11: 4 | R11: 3 | S11: 2 | T11: 3 | U11: 2 | V11: 3 | W11: 2 | X11: 2 | Y11: 2 | Z11: 4 | AA11: 3 | AB11: 3 | AC11: 2 | AD11: 3 | AE11: 3 | AF11: 4
A12: 11 | B12: 1 | C12: 26 | D12: 4 | E12: 4 | F12: 658 | G12: 3 | H12: 3 | I12: 4 | J12: 1 | K12: 3 | L12: 1 | M12: 1 | N12: 3 | O12: 2 | P12: 2 | Q12: 3 | R12: 2 | S12: 2 | T12: 2 | U12: 3 | V12: 4 | W12: 2 | X12: 3 | Y12: 2 | Z12: 2 | AA12: 2 | AB12: 2 | AC12: 1 | AD12: 3 | AE12: 1 | AF12: 1
A13: 12 | B13: 1 | C13: 29 | D13: 2 | E13: 3 | F13: 164 | G13: 4 | H13: 5 | I13: 3 | J13: 3 | K13: 4 | L13: 3 | M13: 3 | N13: 2 | O13: 3 | P13: 2 | Q13: 2 | R13: 2 | S13: 2 | T13: 3 | U13: 3 | V13: 2 | W13: 2 | X13: 2 | Y13: 2 | Z13: 3 | AA13: 3 | AB13: 2 | AC13: 1 | AD13: 3 | AE13: 1 | AF13: 3
... A387: 386 | B387: 1 | C387: 39 | D387: 2 | E387: 5 | F387: 23 | G387: 4 | H387: 3 | I387: 2 | J387: 1 | K387: 2 | L387: 2 | M387: 1 | N387: 3 | O387: 3 | P387: 3 | Q387: 2 | R387: 2 | S387: 2 | T387: 2 | U387: 3 | V387: 3 | W387: 4 | X387: 5 | Y387: 4 | Z387: 4 | AA387: 4 | AB387: 4 | AC387: 4 | AD387: 4 | AE387: 2 | AF387: 4

Sheet Codebook
A1: کد متغیر | B1: برچسب فارسی | C1: سازه | D1: نوع | E1: کدگذاری / دامنه
A2: ID | B2: شمارهٔ پاسخ‌دهنده | C2: — | D2: شناسه | E2: ۱ تا 386
A3: gender | B3: جنسیت | C3: جمعیت‌شناختی | D3: گزینه‌ای | E3: ۱ = مرد، ۰ = زن
A4: age | B4: سن (سال) | C4: جمعیت‌شناختی | D4: عددی | E4: عدد صحیح
A5: edu | B5: تحصیلات | C5: جمعیت‌شناختی | D5: رتبه‌ای | E5: ۱ = دیپلم و کمتر، ۲ = کارشناسی، ۳ = کارشناسی ارشد، ۴ = دکتری
A6: exp | B6: سابقهٔ معامله در بازار سهام (سال) | C6: جمعیت‌شناختی | D6: عددی | E6: عدد صحیح
A7: portfolio | B7: ارزش تقریبی سبد سهام (میلیون تومان) | C7: جمعیت‌شناختی | D7: عددی | E7: عدد صحیح
A8: SME1 | B8: هر روز محتوای مربوط به بورس و سرمایه‌گذاری را در شبکه‌های اجتماعی (تلگرام، اینستاگرام، ایتا، ایکس و مانند آن) دنبال می‌کنم. | C8: مواجهه با محتوای سرمایه‌گذاری در شبکه‌های اجتماعی (SME) | D8: لیکرت ۵ درجه‌ای | E8: ۱ = کاملاً مخالفم … ۵ = کاملاً موافقم
A9: SME2 | B9: بخش قابل‌توجهی از وقتم در شبکه‌های اجتماعی صرف دیدن تحلیل‌ها و اخبار بازار سرمایه می‌شود. | C9: مواجهه با محتوای سرمایه‌گذاری در شبکه‌های اجتماعی (SME) | D9: لیکرت ۵ درجه‌ای | E9: ۱ = کاملاً مخالفم … ۵ = کاملاً موافقم
A10: SME3 | B10: عضو چند کانال، گروه یا صفحهٔ سرمایه‌گذاری هستم و پیام‌های آن‌ها را مرتب می‌خوانم. | C10: مواجهه با محتوای سرمایه‌گذاری در شبکه‌های اجتماعی (SME) | D10: لیکرت ۵ درجه‌ای | E10: ۱ = کاملاً مخالفم … ۵ = کاملاً موافقم
A11: SME4 | B11: تحلیل‌ها و نظرهای منتشرشده در شبکه‌های اجتماعی از منابع اصلی اطلاعات من دربارهٔ سهام است. | C11: مواجهه با محتوای سرمایه‌گذاری در شبکه‌های اجتماعی (SME) | D11: لیکرت ۵ درجه‌ای | E11: ۱ = کاملاً مخالفم … ۵ = کاملاً موافقم
A12: SME5 | B12: معمولاً محتوای سرمایه‌گذاری را با دیگران به اشتراک می‌گذارم یا دربارهٔ آن گفت‌وگو می‌کنم. | C12: مواجهه با محتوای سرمایه‌گذاری در شبکه‌های اجتماعی (SME) | D12: لیکرت ۵ درجه‌ای | E12: ۱ = کاملاً مخالفم … ۵ = کاملاً موافقم
... A33: IDQ5 | B33: به‌ندرت از تصمیم‌های معاملاتی خود پشیمان می‌شوم. | C33: کیفیت تصمیم سرمایه‌گذاری (IDQ) | D33: لیکرت ۵ درجه‌ای | E33: ۱ = کاملاً مخالفم … ۵ = کاملاً موافقم

Sheet Scoring
A1: سازه | B1: کد | C1: گویه‌ها | D1: فرمول نمره | E1: دامنه | F1: تفسیر
A2: مواجهه با محتوای سرمایه‌گذاری در شبکه‌های اجتماعی | B2: SME | C2: SME1، SME2، SME3، SME4، SME5 | D2: میانگین 5 گویه | E2: ۱ تا ۵ | F2: ۱–۲٫۳۳ پایین | ۲٫۳۴–۳٫۶۷ متوسط | ۳٫۶۸–۵ بالا
A3: ترس از دست دادن فرصت سرمایه‌گذاری (فومو) | B3: FOMO | C3: FOMO1، FOMO2، FOMO3، FOMO4، FOMO5، FOMO6 | D3: میانگین 6 گویه | E3: ۱ تا ۵ | F3: ۱–۲٫۳۳ پایین | ۲٫۳۴–۳٫۶۷ متوسط | ۳٫۶۸–۵ بالا
A4: رفتار توده‌وار | B4: HRD | C4: HRD1، HRD2، HRD3، HRD4، HRD5 | D4: میانگین 5 گویه | E4: ۱ تا ۵ | F4: ۱–۲٫۳۳ پایین | ۲٫۳۴–۳٫۶۷ متوسط | ۳٫۶۸–۵ بالا
A5: استفاده از اطلاعات حسابداری | B5: AIU | C5: AIU1، AIU2، AIU3، AIU4، AIU5 | D5: میانگین 5 گویه | E5: ۱ تا ۵ | F5: ۱–۲٫۳۳ پایین | ۲٫۳۴–۳٫۶۷ متوسط | ۳٫۶۸–۵ بالا
A6: کیفیت تصمیم سرمایه‌گذاری | B6: IDQ | C6: IDQ1، IDQ2، IDQ3، IDQ4، IDQ5 | D6: میانگین 5 گویه | E6: ۱ تا ۵ | F6: ۱–۲٫۳۳ پایین | ۲٫۳۴–۳٫۶۷ متوسط | ۳٫۶۸–۵ بالا
A8: قواعد: گویهٔ معکوس ندارد. حداقل ۸۰٪ گویه‌های هر سازه باید پاسخ داده شده باشد، وگرنه نمرهٔ سازه گم‌شده است. نمرهٔ بالاتر یعنی شدت بیشتر سازه (در کیفیت تصمیم: کیفیت بهتر).

Sheet Scores_formula
A1: ID | B1: SME | C1: FOMO | D1: HRD | E1: AIU | F1: IDQ
A2: 1 | B2: =IF(COUNT(Data!G2:K2)>=4,AVERAGE(Data!G2:K2),"") | C2: =IF(COUNT(Data!L2:Q2)>=5,AVERAGE(Data!L2:Q2),"") | D2: =IF(COUNT(Data!R2:V2)>=4,AVERAGE(Data!R2:V2),"") | E2: =IF(COUNT(Data!W2:AA2)>=4,AVERAGE(Data!W2:AA2),"") | F2: =IF(COUNT(Data!AB2:AF2)>=4,AVERAGE(Data!AB2:AF2),"")
A3: 2 | B3: =IF(COUNT(Data!G3:K3)>=4,AVERAGE(Data!G3:K3),"") | C3: =IF(COUNT(Data!L3:Q3)>=5,AVERAGE(Data!L3:Q3),"") | D3: =IF(COUNT(Data!R3:V3)>=4,AVERAGE(Data!R3:V3),"") | E3: =IF(COUNT(Data!W3:AA3)>=4,AVERAGE(Data!W3:AA3),"") | F3: =IF(COUNT(Data!AB3:AF3)>=4,AVERAGE(Data!AB3:AF3),"")
A4: 3 | B4: =IF(COUNT(Data!G4:K4)>=4,AVERAGE(Data!G4:K4),"") | C4: =IF(COUNT(Data!L4:Q4)>=5,AVERAGE(Data!L4:Q4),"") | D4: =IF(COUNT(Data!R4:V4)>=4,AVERAGE(Data!R4:V4),"") | E4: =IF(COUNT(Data!W4:AA4)>=4,AVERAGE(Data!W4:AA4),"") | F4: =IF(COUNT(Data!AB4:AF4)>=4,AVERAGE(Data!AB4:AF4),"")
A5: 4 | B5: =IF(COUNT(Data!G5:K5)>=4,AVERAGE(Data!G5:K5),"") | C5: =IF(COUNT(Data!L5:Q5)>=5,AVERAGE(Data!L5:Q5),"") | D5: =IF(COUNT(Data!R5:V5)>=4,AVERAGE(Data!R5:V5),"") | E5: =IF(COUNT(Data!W5:AA5)>=4,AVERAGE(Data!W5:AA5),"") | F5: =IF(COUNT(Data!AB5:AF5)>=4,AVERAGE(Data!AB5:AF5),"")
A6: 5 | B6: =IF(COUNT(Data!G6:K6)>=4,AVERAGE(Data!G6:K6),"") | C6: =IF(COUNT(Data!L6:Q6)>=5,AVERAGE(Data!L6:Q6),"") | D6: =IF(COUNT(Data!R6:V6)>=4,AVERAGE(Data!R6:V6),"") | E6: =IF(COUNT(Data!W6:AA6)>=4,AVERAGE(Data!W6:AA6),"") | F6: =IF(COUNT(Data!AB6:AF6)>=4,AVERAGE(Data!AB6:AF6),"")
A7: 6 | B7: =IF(COUNT(Data!G7:K7)>=4,AVERAGE(Data!G7:K7),"") | C7: =IF(COUNT(Data!L7:Q7)>=5,AVERAGE(Data!L7:Q7),"") | D7: =IF(COUNT(Data!R7:V7)>=4,AVERAGE(Data!R7:V7),"") | E7: =IF(COUNT(Data!W7:AA7)>=4,AVERAGE(Data!W7:AA7),"") | F7: =IF(COUNT(Data!AB7:AF7)>=4,AVERAGE(Data!AB7:AF7),"")
A8: 7 | B8: =IF(COUNT(Data!G8:K8)>=4,AVERAGE(Data!G8:K8),"") | C8: =IF(COUNT(Data!L8:Q8)>=5,AVERAGE(Data!L8:Q8),"") | D8: =IF(COUNT(Data!R8:V8)>=4,AVERAGE(Data!R8:V8),"") | E8: =IF(COUNT(Data!W8:AA8)>=4,AVERAGE(Data!W8:AA8),"") | F8: =IF(COUNT(Data!AB8:AF8)>=4,AVERAGE(Data!AB8:AF8),"")
A9: 8 | B9: =IF(COUNT(Data!G9:K9)>=4,AVERAGE(Data!G9:K9),"") | C9: =IF(COUNT(Data!L9:Q9)>=5,AVERAGE(Data!L9:Q9),"") | D9: =IF(COUNT(Data!R9:V9)>=4,AVERAGE(Data!R9:V9),"") | E9: =IF(COUNT(Data!W9:AA9)>=4,AVERAGE(Data!W9:AA9),"") | F9: =IF(COUNT(Data!AB9:AF9)>=4,AVERAGE(Data!AB9:AF9),"")
A10: 9 | B10: =IF(COUNT(Data!G10:K10)>=4,AVERAGE(Data!G10:K10),"") | C10: =IF(COUNT(Data!L10:Q10)>=5,AVERAGE(Data!L10:Q10),"") | D10: =IF(COUNT(Data!R10:V10)>=4,AVERAGE(Data!R10:V10),"") | E10: =IF(COUNT(Data!W10:AA10)>=4,AVERAGE(Data!W10:AA10),"") | F10: =IF(COUNT(Data!AB10:AF10)>=4,AVERAGE(Data!AB10:AF10),"")
A11: 10 | B11: =IF(COUNT(Data!G11:K11)>=4,AVERAGE(Data!G11:K11),"") | C11: =IF(COUNT(Data!L11:Q11)>=5,AVERAGE(Data!L11:Q11),"") | D11: =IF(COUNT(Data!R11:V11)>=4,AVERAGE(Data!R11:V11),"") | E11: =IF(COUNT(Data!W11:AA11)>=4,AVERAGE(Data!W11:AA11),"") | F11: =IF(COUNT(Data!AB11:AF11)>=4,AVERAGE(Data!AB11:AF11),"")
A12: 11 | B12: =IF(COUNT(Data!G12:K12)>=4,AVERAGE(Data!G12:K12),"") | C12: =IF(COUNT(Data!L12:Q12)>=5,AVERAGE(Data!L12:Q12),"") | D12: =IF(COUNT(Data!R12:V12)>=4,AVERAGE(Data!R12:V12),"") | E12: =IF(COUNT(Data!W12:AA12)>=4,AVERAGE(Data!W12:AA12),"") | F12: =IF(COUNT(Data!AB12:AF12)>=4,AVERAGE(Data!AB12:AF12),"")
A13: 12 | B13: =IF(COUNT(Data!G13:K13)>=4,AVERAGE(Data!G13:K13),"") | C13: =IF(COUNT(Data!L13:Q13)>=5,AVERAGE(Data!L13:Q13),"") | D13: =IF(COUNT(Data!R13:V13)>=4,AVERAGE(Data!R13:V13),"") | E13: =IF(COUNT(Data!W13:AA13)>=4,AVERAGE(Data!W13:AA13),"") | F13: =IF(COUNT(Data!AB13:AF13)>=4,AVERAGE(Data!AB13:AF13),"")
... A387: 386 | B387: =IF(COUNT(Data!G387:K387)>=4,AVERAGE(Data!G387:K387),"") | C387: =IF(COUNT(Data!L387:Q387)>=5,AVERAGE(Data!L387:Q387),"") | D387: =IF(COUNT(Data!R387:V387)>=4,AVERAGE(Data!R387:V387),"") | E387: =IF(COUNT(Data!W387:AA387)>=4,AVERAGE(Data!W387:AA387),"") | F387: =IF(COUNT(Data!AB387:AF387)>=4,AVERAGE(Data!AB387:AF387),"")

Sheet Scores_values
A1: ID | B1: SME | C1: FOMO | D1: HRD | E1: AIU | F1: IDQ
A2: 1 | B2: 3.8 | C2: 3.3333 | D2: 3.2 | E2: 2 | F2: 1.6
A3: 2 | B3: 4.8 | C3: 1.8333 | D3: 2.6 | E3: 3 | F3: 3.6
A4: 3 | B4: 2.6 | C4: 3.3333 | D4: 1.8 | E4: 3.2 | F4: 1.6
A5: 4 | B5: 4.2 | C5: 3.8333 | D5: 3.8 | E5: 2.4 | F5: 1.6
A6: 5 | B6: 4 | C6: 3.5 | D6: 2.4 | E6: 2.6 | F6: 1.8
A7: 6 | B7: 3.6 | C7: 3 | D7: 2.6 | E7: 3.2 | F7: 2.8
A8: 7 | B8: 2.8 | C8: 4.5 | D8: 3 | E8: 3 | F8: 2.8
A9: 8 | B9: 4 | C9: 3 | D9: 1.6 | E9: 3.2 | F9: 3
A10: 9 | B10: 4 | C10: 2.3333 | D10: 2.4 | E10: 3.6 | F10: 4.4
A11: 10 | B11: 2.4 | C11: 3.1667 | D11: 2.6 | E11: 2.6 | F11: 3
A12: 11 | B12: 2.8 | C12: 2 | D12: 2.6 | E12: 2.2 | F12: 1.6
A13: 12 | B13: 3.8 | C13: 2.5 | D13: 2.4 | E13: 2.4 | F13: 2
... A387: 386 | B387: 2.4 | C387: 2.3333 | D387: 2.4 | E387: 4.2 | F387: 3.6

Sheet Descriptives
A1: گویه | B1: میانگین | C1: انحراف معیار | D1: حداقل | E1: حداکثر | F1: چولگی | G1: کشیدگی
A2: SME1 | B2: 3.44 | C2: 1.104 | D2: 1 | E2: 5 | F2: -0.226 | G2: -0.753
A3: SME2 | B3: 3.085 | C3: 1.133 | D3: 1 | E3: 5 | F3: -0.018 | G3: -0.764
A4: SME3 | B4: 3.083 | C4: 1.095 | D4: 1 | E4: 5 | F4: -0.022 | G4: -0.62
A5: SME4 | B5: 3.145 | C5: 1.114 | D5: 1 | E5: 5 | F5: -0.017 | G5: -0.649
A6: SME5 | B6: 3.303 | C6: 1.111 | D6: 1 | E6: 5 | F6: -0.175 | G6: -0.69
A7: FOMO1 | B7: 3.085 | C7: 1.112 | D7: 1 | E7: 5 | F7: 0.013 | G7: -0.59
A8: FOMO2 | B8: 2.881 | C8: 1.084 | D8: 1 | E8: 5 | F8: 0.054 | G8: -0.58
A9: FOMO3 | B9: 3.256 | C9: 1.071 | D9: 1 | E9: 5 | F9: -0.117 | G9: -0.554
A10: FOMO4 | B10: 2.972 | C10: 1.101 | D10: 1 | E10: 5 | F10: 0.115 | G10: -0.612
A11: FOMO5 | B11: 2.723 | C11: 1.068 | D11: 1 | E11: 5 | F11: 0.134 | G11: -0.509
A12: FOMO6 | B12: 2.806 | C12: 1.108 | D12: 1 | E12: 5 | F12: 0.136 | G12: -0.754
A13: HRD1 | B13: 2.373 | C13: 1.055 | D13: 1 | E13: 5 | F13: 0.356 | G13: -0.582
... A27: IDQ5 | B27: 3.034 | C27: 1.113 | D27: 1 | E27: 5 | F27: -0.089 | G27: -0.634

Sheet Reliability
A1: سازه | B1: تعداد گویه | C1: آلفای کرونباخ | D1: پایایی ترکیبی (CR) | E1: AVE | F1: √AVE | G1: حداقل بار | H1: حداکثر بار
A2: مواجهه با محتوای سرمایه‌گذاری در شبکه‌های اجتماعی | B2: 5 | C2: 0.829 | D2: 0.831 | E2: 0.5 | F2: 0.707 | G2: 0.583 | H2: 0.803
A3: ترس از دست دادن فرصت سرمایه‌گذاری (فومو) | B3: 6 | C3: 0.875 | D3: 0.875 | E3: 0.54 | F3: 0.735 | G3: 0.669 | H3: 0.817
A4: رفتار توده‌وار | B4: 5 | C4: 0.844 | D4: 0.846 | E4: 0.524 | F4: 0.724 | G4: 0.661 | H4: 0.773
A5: استفاده از اطلاعات حسابداری | B5: 5 | C5: 0.844 | D5: 0.846 | E5: 0.525 | F5: 0.725 | G5: 0.591 | H5: 0.798
A6: کیفیت تصمیم سرمایه‌گذاری | B6: 5 | C6: 0.845 | D6: 0.846 | E6: 0.526 | F6: 0.725 | G6: 0.644 | H6: 0.81

Sheet Paths
A1: مسیر (وابسته ~ مستقل) | B1: b | C1: β | D1: خطای معیار | E1: z | F1: p
A2: FOMO~SME | B2: 0.4997 | C2: 0.4863 | D2: 0.0607 | E2: 8.2256 | F2: 0
A3: FOMO~AIU | B3: -0.1173 | C3: -0.1135 | D3: 0.0552 | E3: -2.1254 | F3: 0.0336
A4: FOMO~age | B4: -0.0852 | C4: -0.0936 | D4: 0.0438 | E4: -1.9475 | F4: 0.0515
A5: FOMO~gender | B5: 0.0733 | C5: 0.0805 | D5: 0.0437 | E5: 1.6763 | F5: 0.0937
A6: HRD~FOMO | B6: 0.3592 | C6: 0.4096 | D6: 0.0542 | E6: 6.6233 | F6: 0
A7: HRD~SME | B7: 0.2597 | C7: 0.2883 | D7: 0.0547 | E7: 4.7514 | F7: 0
A8: HRD~AIU | B8: -0.1187 | C8: -0.131 | D8: 0.0448 | E8: -2.6482 | F8: 0.0081
A9: HRD~INT | B9: -0.1908 | C9: -0.1849 | D9: 0.0574 | E9: -3.3206 | F9: 0.0009
A10: HRD~exp | B10: -0.1243 | C10: -0.1556 | D10: 0.0353 | E10: -3.5187 | F10: 0.0004
A11: IDQ~HRD | B11: -0.3605 | C11: -0.3544 | D11: 0.0763 | E11: -4.7258 | F11: 0
A12: IDQ~FOMO | B12: -0.0525 | C12: -0.0589 | D12: 0.0598 | E12: -0.8787 | F12: 0.3796
A13: IDQ~SME | B13: 0.0108 | C13: 0.0118 | D13: 0.058 | E13: 0.1869 | F13: 0.8518
... A15: IDQ~exp | B15: 0.0833 | C15: 0.1026 | D15: 0.0377 | E15: 2.2097 | F15: 0.0271
